person,project,role
Mia Johnson 1,Project-10888,Contributor
Mia Johnson 1,Project-11424,Contributor
Olivia Martinez 5,Project-11359,Contributor
Olivia Martinez 5,Project-11168,Engineer
Harper Johnson 7,Project-10333,Contributor
Harper Johnson 7,Project-11238,Engineer
Taylor Young 9,Project-10520,Lead
Dylan Singh 10,Project-11198,Contributor
Dylan Singh 10,Project-10774,Lead
Zoe Wright 16,Project-11028,Lead
Zoe Wright 16,Project-11044,Engineer
Avery Brown 17,Project-10517,Contributor
Alex Allen 21,Project-10025,Lead
Alex Allen 21,Project-10462,Lead
Yuki Hall 23,Project-11368,Engineer
Drew Scott 24,Project-10756,Lead
Drew Scott 24,Project-11365,Lead
Rowan Smith 27,Project-10522,Lead
Olivia Anderson 37,Project-10653,Engineer
Olivia Anderson 37,Project-10171,Lead
Quinn Allen 40,Project-11240,Contributor
Quinn Allen 40,Project-10486,Lead
Isabella Martin 42,Project-10276,Engineer
Nina Lee 51,Project-10658,Lead
Nina Lee 51,Project-10163,Contributor
Dylan Green 53,Project-10393,Engineer
Dylan Green 53,Project-10396,Lead
Noah Young 62,Project-11032,Engineer
Reese Wang 65,Project-11148,Contributor
Hana Lee 70,Project-11074,Engineer
Drew Johnson 81,Project-11324,Engineer
Taylor Smith 82,Project-10007,Contributor
Morgan Nguyen 93,Project-11326,Engineer
Morgan Nguyen 93,Project-11359,Contributor
Drew Clark 101,Project-10358,Engineer
Drew Clark 101,Project-11373,Lead
Wei Moore 104,Project-11010,Contributor
Wei Moore 104,Project-10956,Engineer
Riley Garcia 105,Project-10106,Contributor
Sam Green 107,Project-10575,Lead
Sam Green 107,Project-10886,Engineer
Reese Lee 109,Project-11113,Contributor
Reese Lee 109,Project-10536,Engineer
Drew Young 114,Project-10902,Engineer
Drew Young 114,Project-11441,Contributor
Drew Garcia 124,Project-11288,Lead
Drew Garcia 124,Project-10545,Contributor
Jordan Garcia 129,Project-10776,Contributor
Jordan Garcia 129,Project-10138,Engineer
Emma Anderson 148,Project-10617,Lead
Liam Clark 164,Project-11053,Lead
Liam Clark 164,Project-11265,Engineer
Mason Martinez 165,Project-11214,Lead
Emma Singh 175,Project-10080,Contributor
Emma Singh 175,Project-11176,Contributor
Quinn Kumar 176,Project-10682,Lead
Quinn Kumar 176,Project-10786,Contributor
Emma Wang 182,Project-10332,Engineer
Noah Smith 183,Project-11384,Engineer
Hana Jackson 193,Project-10341,Engineer
Hana Jackson 193,Project-10159,Engineer
Reese Anderson 198,Project-10133,Lead
Avery Lopez 204,Project-11239,Contributor
Avery Lopez 204,Project-11238,Contributor
Logan Garcia 208,Project-10750,Lead
Zoe Thomas 211,Project-10405,Engineer
Zoe Thomas 211,Project-10221,Lead
Noah Singh 214,Project-11166,Contributor
Noah Singh 214,Project-11344,Engineer
Hana Singh 218,Project-10047,Lead
Hana Singh 218,Project-10587,Lead
Mateo Kumar 223,Project-10286,Contributor
Lucas Jackson 228,Project-11442,Lead
Lucas Jackson 228,Project-10653,Contributor
Li Kumar 236,Project-11328,Contributor
Li Kumar 236,Project-10058,Contributor
Li Young 247,Project-11182,Contributor
Liam Garcia 251,Project-10788,Lead
Liam Garcia 251,Project-10879,Lead
Taylor Hall 255,Project-10064,Engineer
Charlie Young 265,Project-10471,Contributor
Charlie Young 265,Project-10792,Contributor
Mia Garcia 268,Project-10395,Engineer
Mia Garcia 268,Project-11176,Contributor
Riley Garcia 270,Project-10792,Lead
Evan Patel 281,Project-11139,Engineer
Taylor Young 282,Project-10133,Engineer
Taylor Young 282,Project-11291,Contributor
Emma Scott 283,Project-11458,Engineer
Emma Scott 283,Project-10336,Engineer
Li King 289,Project-10856,Engineer
Li King 289,Project-10477,Lead
Fatima Thomas 294,Project-10452,Engineer
Yuki Anderson 297,Project-10255,Lead
Yuki Anderson 297,Project-11279,Contributor
Mason Walker 298,Project-11327,Lead
Dylan Johnson 302,Project-10978,Contributor
Drew Taylor 319,Project-10597,Engineer
Noah Hall 321,Project-10798,Lead
Noah Hall 321,Project-11453,Contributor
Quinn Brown 326,Project-10738,Contributor
Quinn Brown 326,Project-10899,Lead
Lucas Jackson 334,Project-10888,Contributor
Mateo Lewis 336,Project-11049,Lead
Mateo Lewis 336,Project-10231,Contributor
Mia Smith 340,Project-10686,Engineer
Evan King 341,Project-10100,Lead
Evan King 341,Project-11257,Contributor
Dylan Lewis 342,Project-10006,Engineer
Dylan Lewis 342,Project-10691,Lead
Evan Nguyen 352,Project-10282,Lead
Liam Garcia 362,Project-10663,Engineer
Liam Garcia 362,Project-10639,Lead
Morgan King 363,Project-10649,Lead
Priya Singh 369,Project-10537,Contributor
Priya Singh 369,Project-10497,Contributor
Rowan Wang 400,Project-10431,Contributor
Rowan Wang 400,Project-11060,Contributor
Taylor Nguyen 401,Project-10526,Lead
Taylor Nguyen 401,Project-10054,Lead
Wei Clark 406,Project-11434,Engineer
Wei Clark 406,Project-11038,Lead
Drew Green 408,Project-10031,Contributor
Mateo Clark 414,Project-10439,Lead
Mateo Clark 414,Project-10759,Engineer
Evan Lewis 443,Project-11121,Lead
Evan Lewis 443,Project-10844,Engineer
Mason Young 446,Project-11297,Lead
Mia Jackson 447,Project-10352,Engineer
Jordan Garcia 457,Project-10579,Contributor
Jordan Garcia 457,Project-10500,Contributor
Lucas Walker 462,Project-10924,Lead
Lucas Walker 462,Project-11371,Lead
Rowan King 472,Project-10302,Lead
Rowan King 472,Project-10226,Lead
Avery King 473,Project-10072,Engineer
Yuki Martinez 477,Project-10797,Contributor
Taylor Lee 483,Project-11002,Engineer
Mateo Smith 485,Project-10237,Engineer
Fatima Lee 491,Project-10708,Engineer
Zoe Hall 493,Project-11290,Lead
Zoe Hall 493,Project-11380,Contributor
Cameron Patel 506,Project-11372,Contributor
Cameron Patel 506,Project-11321,Contributor
Roshni Taylor 510,Project-10958,Lead
Logan Taylor 515,Project-10456,Lead
Harper Young 520,Project-10993,Lead
Avery Wright 527,Project-11347,Engineer
Isabella Jackson 529,Project-10538,Lead
Isabella Jackson 529,Project-11382,Engineer
Harper Kumar 530,Project-10761,Contributor
Harper Kumar 530,Project-10285,Lead
Mateo Jackson 533,Project-11013,Engineer
Mateo Jackson 533,Project-10840,Lead
Cameron Wright 538,Project-10764,Lead
Emma Wright 541,Project-10623,Contributor
Dylan Moore 550,Project-10143,Contributor
Dylan Moore 550,Project-11358,Engineer
Sofia Thomas 577,Project-11483,Contributor
Sofia Thomas 577,Project-10483,Lead
Yuki Young 580,Project-11258,Engineer
Yuki Young 580,Project-11084,Lead
Anu Patel 582,Project-10975,Lead
Anu Patel 582,Project-10760,Engineer
Hana Walker 583,Project-10876,Lead
Hana Walker 583,Project-11107,Contributor
Fatima Patel 590,Project-10313,Lead
Isabella Smith 610,Project-10437,Engineer
Casey Thomas 623,Project-10752,Lead
Li Kumar 624,Project-11072,Lead
Casey Kumar 630,Project-10089,Lead
Casey Kumar 630,Project-11085,Contributor
Mateo Jackson 632,Project-11335,Engineer
Mateo Jackson 632,Project-10374,Contributor
Fatima Hall 635,Project-10025,Lead
Amir Jackson 645,Project-10563,Engineer
Fatima Martin 657,Project-11261,Lead
Riley Clark 661,Project-10804,Engineer
Zoe Scott 663,Project-11215,Contributor
Liam Taylor 674,Project-10286,Engineer
Liam Taylor 674,Project-10343,Lead
Morgan Moore 703,Project-10088,Contributor
Cameron Taylor 710,Project-10357,Engineer
Casey Lopez 721,Project-10697,Lead
Casey Lopez 721,Project-11040,Lead
Charlie Moore 727,Project-11116,Contributor
Riley Scott 734,Project-10992,Lead
Riley Scott 734,Project-10762,Engineer
Wei Scott 735,Project-10367,Contributor
Wei Scott 735,Project-10812,Lead
Alex Lopez 736,Project-10959,Engineer
Evan Jackson 742,Project-10628,Lead
Evan Jackson 742,Project-11174,Engineer
Avery Walker 760,Project-10109,Contributor
Avery Walker 760,Project-10431,Engineer
Hana Green 770,Project-10776,Engineer
Jordan Martin 773,Project-11447,Contributor
Yuki Johnson 776,Project-11315,Engineer
Yuki Brown 785,Project-11130,Contributor
Riley Wright 789,Project-10058,Contributor
Olivia Taylor 796,Project-11167,Engineer
Li Wang 798,Project-10375,Engineer
Rowan Martin 803,Project-10958,Contributor
Rowan Martin 803,Project-11328,Contributor
Mia Taylor 821,Project-10559,Lead
Avery Wang 822,Project-11206,Contributor
Avery Wang 822,Project-10900,Contributor
Li Young 836,Project-10201,Engineer
Avery Smith 847,Project-10008,Lead
Jordan Lopez 852,Project-11065,Engineer
Jordan Lopez 852,Project-10526,Lead
Li Smith 858,Project-10349,Lead
Nina Nguyen 861,Project-10220,Engineer
Zoe Walker 869,Project-11172,Lead
Roshni Martinez 873,Project-10017,Engineer
Roshni Martinez 873,Project-10958,Contributor
Mason Martinez 875,Project-11202,Engineer
Mason Martinez 875,Project-10662,Lead
Sam Allen 880,Project-10635,Contributor
Sam Allen 880,Project-11232,Lead
Sam Young 886,Project-11469,Lead
Isabella Martinez 900,Project-10268,Lead
Taylor Clark 901,Project-10104,Lead
Isabella Hall 907,Project-10725,Engineer
Quinn Walker 909,Project-10934,Engineer
Amir Allen 910,Project-10761,Lead
Amir Allen 910,Project-10793,Lead
Dylan Moore 917,Project-11399,Lead
Dylan Moore 917,Project-10918,Lead
Parker Singh 919,Project-11206,Lead
Cameron Martinez 920,Project-10762,Engineer
Cameron Martinez 920,Project-10026,Engineer
Avery Martin 923,Project-11370,Engineer
Sofia Martin 931,Project-10844,Engineer
Sofia Martin 931,Project-10604,Engineer
Isabella Thomas 932,Project-10425,Engineer
Isabella Thomas 932,Project-10230,Lead
Reese Lee 935,Project-10622,Contributor
Reese Lee 935,Project-11390,Contributor
Wei Martin 937,Project-10033,Contributor
Noah Singh 945,Project-10618,Lead
Noah Singh 945,Project-10418,Engineer
Evan Young 952,Project-10923,Lead
Evan Young 952,Project-11130,Contributor
Parker Taylor 953,Project-10020,Engineer
Avery Brown 959,Project-10621,Lead
Logan Wang 965,Project-10990,Engineer
Olivia Lopez 969,Project-10446,Contributor
Olivia Lopez 969,Project-10362,Engineer
Evan Thomas 971,Project-10657,Contributor
Evan Thomas 971,Project-10309,Contributor
Emma Brown 973,Project-10932,Engineer
Morgan Lee 981,Project-11041,Lead
Morgan Lee 981,Project-10014,Lead
Riley Garcia 983,Project-11328,Contributor
Parker Johnson 1003,Project-10455,Lead
Parker Johnson 1003,Project-10077,Lead
Yuki King 1004,Project-10955,Contributor
Yuki King 1004,Project-11332,Engineer
Cameron Clark 1013,Project-10771,Engineer
Morgan Taylor 1014,Project-11378,Engineer
Morgan Taylor 1014,Project-10262,Engineer
Jordan Walker 1029,Project-10763,Contributor
Jordan Walker 1029,Project-10020,Engineer
Reese Lewis 1031,Project-11235,Lead
Reese Lewis 1031,Project-10998,Contributor
Mia Lewis 1044,Project-10395,Contributor
Amir Martin 1055,Project-10838,Contributor
Charlie Wang 1061,Project-10981,Contributor
Charlie Wang 1061,Project-10846,Contributor
Rowan Kumar 1065,Project-10694,Lead
Rowan Kumar 1065,Project-11269,Lead
Emma King 1067,Project-10557,Contributor
Reese Brown 1069,Project-10019,Lead
Reese Brown 1069,Project-10996,Engineer
Drew Young 1077,Project-10459,Lead
Drew Young 1077,Project-10455,Engineer
Nina Allen 1078,Project-11496,Contributor
Nina Allen 1078,Project-11254,Engineer
Riley Wang 1085,Project-10064,Contributor
Luca Taylor 1089,Project-10033,Lead
Alex Brown 1095,Project-10020,Engineer
Emma Clark 1097,Project-10946,Contributor
Emma Clark 1097,Project-10520,Engineer
Liam Singh 1125,Project-10564,Contributor
Liam Lewis 1127,Project-11051,Contributor
Liam Lewis 1127,Project-10761,Lead
Cameron Patel 1140,Project-10563,Contributor
Charlie Moore 1145,Project-11392,Contributor
Charlie Moore 1145,Project-10144,Engineer
Quinn Jackson 1164,Project-10955,Lead
Quinn Jackson 1164,Project-11189,Contributor
Drew Taylor 1167,Project-11221,Contributor
Drew Taylor 1167,Project-10034,Engineer
Sofia Singh 1171,Project-11030,Engineer
Sofia Singh 1171,Project-10511,Lead
Jordan Garcia 1172,Project-10830,Contributor
Yuki Garcia 1174,Project-10879,Engineer
Liam Anderson 1183,Project-10711,Lead
Liam Anderson 1183,Project-10275,Lead
Zoe Anderson 1196,Project-10452,Lead
Zoe Anderson 1196,Project-10791,Lead
Logan Clark 1202,Project-10384,Contributor
Fatima Young 1205,Project-10157,Contributor
Rowan Walker 1215,Project-10856,Contributor
Rowan Walker 1215,Project-10451,Contributor
Riley Lee 1216,Project-10251,Lead
Riley Lee 1216,Project-11369,Lead
Parker Brown 1220,Project-10275,Lead
Hana Martin 1233,Project-10135,Lead
Hana Martin 1233,Project-10979,Engineer
Liam Taylor 1237,Project-10102,Engineer
Liam Taylor 1237,Project-10451,Engineer
Sofia Wang 1241,Project-11007,Engineer
Sofia Wang 1241,Project-11182,Contributor
Cameron Martin 1246,Project-11364,Contributor
Riley Patel 1255,Project-10239,Lead
Amir Smith 1258,Project-11232,Engineer
Amir Smith 1258,Project-11424,Lead
Hana Martin 1277,Project-10344,Lead
Zoe Smith 1278,Project-10499,Contributor
Drew Green 1279,Project-10820,Engineer
Morgan Anderson 1281,Project-11075,Engineer
Mason Jackson 1284,Project-11374,Contributor
Rowan Moore 1285,Project-11323,Contributor
Rowan Moore 1285,Project-10285,Contributor
Yuki Lopez 1292,Project-10282,Engineer
Yuki Lopez 1292,Project-10838,Engineer
Mia Clark 1299,Project-10824,Engineer
Nina Scott 1303,Project-10615,Contributor
Nina Scott 1303,Project-10224,Engineer
Lucas Lee 1310,Project-10757,Contributor
Noah Patel 1326,Project-11004,Lead
Noah Patel 1326,Project-10877,Lead
Drew Nguyen 1331,Project-11006,Lead
Drew Nguyen 1331,Project-10903,Lead
Casey Lopez 1337,Project-10569,Lead
Quinn Lewis 1339,Project-10777,Contributor
Priya Kumar 1356,Project-11005,Contributor
Quinn Smith 1360,Project-10157,Engineer
Quinn Smith 1360,Project-10875,Engineer
Priya Clark 1362,Project-10281,Lead
Hana Young 1366,Project-11289,Contributor
Mateo Patel 1367,Project-11391,Lead
Luca Singh 1374,Project-10411,Engineer
Luca Singh 1374,Project-10216,Lead
Parker Young 1399,Project-10072,Contributor
Olivia Moore 1442,Project-10090,Engineer
Quinn Jackson 1455,Project-11126,Lead
Luca Allen 1457,Project-10708,Engineer
Luca Johnson 1459,Project-10748,Lead
Luca Johnson 1459,Project-10917,Engineer
Cameron Walker 1463,Project-11113,Lead
Taylor Scott 1465,Project-10062,Lead
Jamie Wright 1483,Project-10060,Contributor
Jamie Wright 1483,Project-10786,Engineer
Mateo Lewis 1488,Project-10640,Lead
Mateo Lewis 1488,Project-10352,Contributor
Reese Martinez 1490,Project-10951,Lead
Parker Taylor 1502,Project-10203,Lead
Parker Taylor 1502,Project-10195,Engineer
Emma Thomas 1526,Project-10517,Engineer
Emma Thomas 1526,Project-10955,Lead
Casey Nguyen 1528,Project-11356,Engineer
Casey Nguyen 1528,Project-10938,Lead
Cameron Moore 1529,Project-10478,Contributor
Wei Smith 1530,Project-10549,Engineer
Liam Lopez 1532,Project-10874,Contributor
Reese Singh 1537,Project-10858,Lead
Reese Singh 1537,Project-10701,Lead
Priya King 1573,Project-10505,Contributor
Priya King 1573,Project-10622,Contributor
Reese Jackson 1589,Project-10314,Contributor
Drew Thomas 1629,Project-11105,Lead
Drew Thomas 1629,Project-10841,Engineer
Mason Singh 1642,Project-10458,Contributor
Mason Singh 1642,Project-10783,Engineer
Roshni Walker 1648,Project-10446,Lead
Reese Clark 1652,Project-10730,Contributor
Liam Thomas 1659,Project-10163,Contributor
Isabella Nguyen 1667,Project-11077,Lead
Isabella Nguyen 1667,Project-11368,Engineer
Emma Scott 1682,Project-10283,Engineer
Mia Anderson 1685,Project-10479,Contributor
Mia Anderson 1685,Project-10010,Engineer
Zoe Green 1686,Project-10508,Contributor
Zoe Green 1686,Project-11270,Engineer
Zoe Martin 1691,Project-10441,Engineer
Mateo Nguyen 1704,Project-10002,Lead
Mateo Nguyen 1704,Project-10028,Engineer
Logan Taylor 1711,Project-10851,Lead
Sofia Johnson 1712,Project-11002,Engineer
Sofia Johnson 1712,Project-11325,Engineer
Fatima Hall 1717,Project-10394,Engineer
Fatima Hall 1717,Project-10169,Lead
Cameron King 1718,Project-10946,Lead
Cameron King 1718,Project-11215,Engineer
Amir Allen 1730,Project-10364,Contributor
Olivia Clark 1742,Project-10527,Engineer
Olivia Clark 1742,Project-10492,Engineer
Nina Young 1744,Project-10085,Contributor
Mateo Johnson 1745,Project-10474,Lead
Mateo Johnson 1745,Project-11156,Engineer
Casey Wright 1746,Project-10177,Lead
Casey Wright 1746,Project-11081,Engineer
Sam Allen 1753,Project-10728,Contributor
Sam Allen 1753,Project-10395,Lead
Casey Brown 1765,Project-10827,Contributor
Fatima King 1770,Project-10716,Contributor
Fatima King 1770,Project-10539,Contributor
Mia Johnson 1774,Project-11009,Engineer
Mia Johnson 1774,Project-10783,Engineer
Priya Wang 1780,Project-10730,Engineer
Mason Scott 1783,Project-10108,Engineer
Mason Scott 1783,Project-10236,Contributor
Li Allen 1794,Project-10497,Lead
Li Allen 1794,Project-10787,Contributor
Sam Kumar 1796,Project-11050,Lead
Sam Kumar 1796,Project-11168,Lead
Logan Kumar 1806,Project-10923,Lead
Li Green 1841,Project-10636,Contributor
Li Green 1841,Project-11235,Engineer
Drew Clark 1847,Project-11001,Engineer
Sam Clark 1855,Project-10348,Engineer
Sam Clark 1855,Project-11283,Engineer
Noah Jackson 1856,Project-10146,Engineer
Wei Moore 1860,Project-10888,Lead
Casey Garcia 1875,Project-11283,Contributor
Quinn Wang 1896,Project-10514,Contributor
Quinn Wang 1896,Project-10025,Lead
Parker Hall 1897,Project-10627,Lead
Liam Hall 1922,Project-10416,Lead
Drew Martinez 1927,Project-11409,Contributor
Isabella Scott 1942,Project-10066,Contributor
Isabella Scott 1942,Project-10449,Lead
Roshni Lewis 1952,Project-11252,Contributor
Roshni Lewis 1952,Project-10771,Contributor
Alex Nguyen 1965,Project-11155,Contributor
Li Taylor 1966,Project-10943,Engineer
Sofia Anderson 1969,Project-10384,Lead
Sofia Anderson 1969,Project-10098,Lead
Yuki Allen 1978,Project-10255,Contributor
Zoe Jackson 1984,Project-10512,Contributor
Mateo Clark 1985,Project-10294,Contributor
Cameron Singh 1988,Project-10971,Engineer
Olivia Johnson 1992,Project-10407,Engineer
Olivia Johnson 1992,Project-10708,Contributor
Drew Scott 1997,Project-11185,Lead
Anu Moore 2001,Project-11118,Lead
Anu Moore 2001,Project-10885,Contributor
Olivia Patel 2005,Project-10002,Contributor
Olivia Patel 2005,Project-10940,Lead
Noah Martin 2006,Project-11299,Engineer
Noah Martin 2006,Project-10048,Engineer
Fatima Brown 2009,Project-10198,Contributor
Fatima Brown 2009,Project-10703,Lead
Hana Thomas 2023,Project-10368,Engineer
Hana Thomas 2023,Project-11387,Lead
Harper Taylor 2032,Project-10021,Lead
Li Lewis 2033,Project-11119,Engineer
Li Lewis 2033,Project-10183,Lead
Priya Anderson 2042,Project-10097,Contributor
Priya Anderson 2042,Project-10862,Lead
Noah Patel 2045,Project-10585,Lead
Noah Patel 2045,Project-10042,Engineer
Evan Wang 2051,Project-11291,Contributor
Parker Thomas 2052,Project-10164,Engineer
Parker Thomas 2052,Project-10322,Engineer
Taylor Patel 2066,Project-10968,Contributor
Taylor Patel 2066,Project-10863,Engineer
Avery Taylor 2071,Project-11358,Contributor
Cameron Moore 2076,Project-10120,Lead
Cameron Moore 2076,Project-11203,Lead
Lucas Nguyen 2078,Project-10363,Contributor
Lucas Nguyen 2078,Project-11033,Engineer
Dylan Singh 2090,Project-10039,Contributor
Dylan Singh 2090,Project-10131,Contributor
Mia Green 2095,Project-11451,Contributor
Mia Green 2095,Project-10714,Engineer
Priya Clark 2152,Project-11314,Contributor
Priya Clark 2152,Project-10964,Contributor
Morgan Scott 2158,Project-10144,Lead
Parker King 2161,Project-10417,Lead
Parker King 2161,Project-10617,Lead
Liam Patel 2164,Project-10408,Engineer
Logan Garcia 2172,Project-10051,Lead
Logan Garcia 2172,Project-11344,Lead
Li Thomas 2181,Project-10940,Contributor
Evan Wang 2184,Project-10038,Lead
Taylor Young 2188,Project-11247,Engineer
Rowan Allen 2191,Project-11180,Lead
Alex Walker 2193,Project-10721,Engineer
Morgan Lewis 2195,Project-10667,Engineer
Morgan Lewis 2195,Project-10755,Contributor
Morgan Lewis 2200,Project-10477,Contributor
Mateo Patel 2204,Project-11220,Contributor
Parker Walker 2209,Project-10488,Lead
Parker Walker 2209,Project-10184,Lead
Evan Kumar 2211,Project-10569,Lead
Evan Kumar 2211,Project-10027,Engineer
Reese Moore 2214,Project-11204,Lead
Reese Moore 2214,Project-11136,Lead
Amir Green 2219,Project-10905,Contributor
Amir Green 2219,Project-10530,Engineer
Luca Young 2223,Project-11248,Engineer
Sam Martin 2226,Project-10785,Engineer
Sam Martin 2226,Project-10286,Engineer
Harper Wang 2240,Project-11468,Lead
Harper Wang 2240,Project-10035,Lead
Liam Singh 2242,Project-10145,Contributor
Sofia Smith 2245,Project-10938,Lead
Sofia Thomas 2254,Project-11056,Contributor
Sofia Thomas 2254,Project-10900,Lead
Rowan Singh 2267,Project-10062,Contributor
Jamie Wright 2268,Project-10270,Lead
Jamie Wright 2268,Project-10696,Contributor
Taylor Singh 2280,Project-11435,Engineer
Cameron Kumar 2290,Project-11010,Engineer
Cameron Kumar 2290,Project-10285,Lead
Evan Taylor 2291,Project-11495,Engineer
Nina Garcia 2338,Project-11073,Contributor
Mateo Taylor 2360,Project-11163,Contributor
Anu Allen 2383,Project-11347,Engineer
Anu Allen 2383,Project-10933,Lead
Evan Allen 2385,Project-11295,Contributor
Evan Allen 2385,Project-10330,Contributor
Charlie Scott 2387,Project-10260,Engineer
Priya Young 2389,Project-10170,Contributor
Priya Young 2389,Project-10088,Contributor
Hana Smith 2393,Project-10975,Engineer
Riley King 2413,Project-10884,Lead
Riley King 2413,Project-10648,Engineer
Evan Young 2435,Project-10013,Lead
Evan Young 2435,Project-10682,Lead
Emma Green 2441,Project-10187,Contributor
Emma Green 2441,Project-10642,Contributor
Li Allen 2488,Project-10005,Contributor
Morgan Wright 2492,Project-10869,Lead
Avery Johnson 2497,Project-10914,Contributor
Rowan Martinez 2498,Project-10993,Engineer
Drew Allen 2502,Project-10117,Engineer
Drew Allen 2502,Project-10471,Engineer
Emma Martinez 2508,Project-10568,Contributor
Emma Martinez 2508,Project-10478,Lead
Parker Young 2512,Project-11170,Contributor
Parker Young 2512,Project-10342,Contributor
Cameron Smith 2518,Project-10760,Engineer
Parker Allen 2519,Project-10872,Engineer
Morgan Allen 2524,Project-11415,Engineer
Drew Anderson 2526,Project-10966,Engineer
Amir Nguyen 2529,Project-10153,Engineer
Cameron Scott 2530,Project-10978,Contributor
Cameron Scott 2530,Project-11443,Lead
Emma Thomas 2538,Project-10700,Contributor
Lucas Lee 2540,Project-10097,Lead
Lucas Lee 2540,Project-10519,Engineer
Olivia Brown 2543,Project-11421,Contributor
Olivia Brown 2543,Project-10695,Engineer
Quinn Martin 2546,Project-10101,Lead
Quinn Martin 2546,Project-10925,Contributor
Jamie Anderson 2550,Project-11159,Contributor
Quinn Green 2555,Project-10540,Lead
Quinn Green 2555,Project-11310,Lead
Riley Patel 2564,Project-11068,Lead
Amir Walker 2574,Project-10243,Lead
Hana Young 2585,Project-10587,Contributor
Lucas Clark 2604,Project-10130,Lead
Lucas Clark 2604,Project-10365,Lead
Sam Lee 2612,Project-10762,Engineer
Jamie Hall 2616,Project-10999,Engineer
Roshni Taylor 2621,Project-11067,Contributor
Roshni Taylor 2621,Project-11374,Lead
Amir Wright 2622,Project-10981,Engineer
Amir Wright 2622,Project-10550,Lead
Olivia Smith 2631,Project-11086,Contributor
Olivia Smith 2631,Project-11346,Engineer
Wei Taylor 2633,Project-10181,Lead
Taylor Martinez 2642,Project-10797,Engineer
Mason Garcia 2646,Project-10950,Contributor
Casey Martinez 2649,Project-10717,Lead
Casey Martinez 2649,Project-10144,Contributor
Mateo Jackson 2654,Project-10393,Engineer
Taylor Martin 2670,Project-10508,Engineer
Taylor Martin 2670,Project-11488,Lead
Olivia Clark 2686,Project-10772,Contributor
Parker Johnson 2705,Project-10811,Lead
Parker Johnson 2705,Project-11202,Engineer
Nina Scott 2706,Project-10769,Lead
Nina Scott 2706,Project-10507,Contributor
Rowan Green 2714,Project-11090,Engineer
Morgan Smith 2715,Project-10928,Lead
Alex Singh 2718,Project-10387,Lead
Alex Singh 2718,Project-11419,Contributor
Nina Wang 2725,Project-11064,Contributor
Priya Lopez 2730,Project-10708,Contributor
Riley Young 2738,Project-11311,Contributor
Riley Young 2738,Project-10265,Engineer
Olivia Kumar 2741,Project-10103,Engineer
Olivia Kumar 2741,Project-10161,Contributor
Noah Garcia 2743,Project-10449,Lead
Jamie Thomas 2746,Project-11496,Lead
Liam Kumar 2748,Project-11174,Lead
Alex Garcia 2762,Project-10510,Lead
Alex Garcia 2762,Project-10524,Lead
Jordan Lewis 2778,Project-11016,Engineer
Jordan Lewis 2778,Project-10928,Contributor
Amir Patel 2779,Project-10902,Engineer
Morgan Lewis 2780,Project-10542,Contributor
Morgan Lewis 2780,Project-11329,Contributor
Quinn Taylor 2788,Project-11152,Engineer
Quinn Taylor 2788,Project-11346,Engineer
Jamie Wang 2805,Project-10875,Lead
Isabella Johnson 2818,Project-11315,Contributor
Morgan Smith 2821,Project-11010,Contributor
Yuki Allen 2825,Project-10901,Engineer
Harper Lee 2835,Project-10843,Lead
Casey Scott 2841,Project-10934,Engineer
Dylan Brown 2842,Project-10233,Contributor
Mason Nguyen 2846,Project-10820,Engineer
Mason Nguyen 2846,Project-10948,Engineer
Riley Green 2851,Project-10711,Contributor
Nina Young 2857,Project-11331,Lead
Nina Young 2857,Project-10308,Contributor
Parker Allen 2866,Project-10926,Contributor
Mateo Jackson 2880,Project-10277,Lead
Mateo Jackson 2880,Project-11484,Contributor
Emma Patel 2881,Project-10351,Lead
Emma Patel 2881,Project-10195,Lead
Hana Brown 2884,Project-11216,Contributor
Priya Lee 2886,Project-11178,Contributor
Nina Thomas 2899,Project-10627,Contributor
Nina Thomas 2899,Project-11016,Engineer
Roshni Brown 2903,Project-11102,Contributor
Roshni Brown 2903,Project-10054,Engineer
Jordan Kumar 2904,Project-10914,Contributor
Olivia Clark 2909,Project-10677,Lead
Olivia Clark 2909,Project-11270,Engineer
Avery Green 2920,Project-11167,Engineer
Dylan Garcia 2921,Project-10273,Contributor
Olivia Singh 2932,Project-10599,Contributor
Olivia Singh 2932,Project-10173,Engineer
Reese Nguyen 2938,Project-10724,Contributor
Jordan Nguyen 2960,Project-10139,Engineer
Jordan Nguyen 2960,Project-10997,Engineer
Luca Kumar 2962,Project-11486,Lead
Luca Kumar 2962,Project-10373,Engineer
Luca Allen 2963,Project-11355,Engineer
Li Scott 2982,Project-11121,Contributor
Li Scott 2982,Project-10199,Lead
Noah Lopez 2986,Project-10287,Contributor
Noah Lopez 2986,Project-10213,Lead
Hana Lee 2989,Project-10248,Contributor
Wei Nguyen 3002,Project-11439,Engineer
Wei Nguyen 3002,Project-10556,Lead
Noah Hall 3004,Project-11392,Contributor
Noah Hall 3004,Project-10647,Contributor
Reese Young 3008,Project-10268,Contributor
Alex Smith 3016,Project-10776,Lead
Alex Smith 3016,Project-10047,Engineer
Taylor Moore 3035,Project-11499,Engineer
Taylor Moore 3035,Project-11120,Lead
Quinn Lee 3040,Project-10964,Contributor
Quinn Lee 3040,Project-11003,Lead
Parker Brown 3048,Project-10081,Engineer
Parker Brown 3048,Project-11327,Lead
Anu Smith 3057,Project-10261,Engineer
Alex Thomas 3061,Project-10951,Engineer
Parker Walker 3066,Project-10334,Contributor
Noah Anderson 3067,Project-10499,Contributor
Noah Anderson 3067,Project-10859,Lead
Anu Wang 3068,Project-10621,Engineer
Anu Wang 3068,Project-11185,Contributor
Liam Smith 3071,Project-10469,Lead
Liam Smith 3071,Project-10725,Contributor
Zoe Wright 3096,Project-11390,Lead
Reese Patel 3110,Project-10651,Lead
Morgan Taylor 3117,Project-11433,Engineer
Quinn Hall 3133,Project-10032,Engineer
Anu Scott 3155,Project-10099,Contributor
Anu Scott 3155,Project-10535,Lead
Li Patel 3167,Project-10233,Engineer
Li Patel 3167,Project-10596,Lead
Olivia Taylor 3171,Project-10159,Contributor
Olivia Taylor 3171,Project-10490,Contributor
Priya Taylor 3173,Project-10120,Lead
Dylan Singh 3200,Project-11007,Lead
Dylan Singh 3200,Project-11027,Lead
Jordan Thomas 3202,Project-10072,Contributor
Jordan Thomas 3202,Project-10428,Lead
Emma Scott 3210,Project-10189,Contributor
Emma King 3214,Project-11116,Engineer
Emma King 3214,Project-11373,Engineer
Sam Clark 3215,Project-10813,Engineer
Sam Clark 3215,Project-10383,Lead
Roshni Wright 3217,Project-11269,Lead
Quinn Clark 3221,Project-10555,Lead
Quinn Clark 3221,Project-10057,Lead
Avery Taylor 3224,Project-11013,Contributor
Avery Taylor 3224,Project-10443,Contributor
Alex Wang 3235,Project-10502,Contributor
Emma Allen 3244,Project-10212,Contributor
Emma Allen 3244,Project-11242,Lead
Jordan Allen 3245,Project-11002,Contributor
Reese Wright 3252,Project-11421,Contributor
Reese Wright 3252,Project-10446,Contributor
Mateo Clark 3253,Project-10666,Contributor
Mateo Clark 3253,Project-10076,Engineer
Isabella Wang 3264,Project-11310,Engineer
Liam Taylor 3271,Project-10176,Contributor
Liam Taylor 3271,Project-11385,Contributor
Drew Clark 3281,Project-11163,Contributor
Jamie Johnson 3289,Project-10952,Contributor
Jordan Patel 3296,Project-10553,Engineer
Logan Singh 3298,Project-11446,Engineer
Jordan Anderson 3301,Project-10721,Engineer
Jordan Anderson 3301,Project-11008,Contributor
Reese Smith 3304,Project-11321,Lead
Noah Green 3305,Project-11272,Engineer
Noah Green 3305,Project-11336,Contributor
Anu Martin 3306,Project-10305,Lead
Mason Smith 3307,Project-10249,Engineer
Mason Smith 3307,Project-10661,Engineer
Mateo King 3308,Project-10846,Engineer
Mateo King 3308,Project-10962,Lead
Emma King 3310,Project-11009,Engineer
Mason Wang 3315,Project-10793,Lead
Mason Wang 3315,Project-11227,Contributor
Avery Johnson 3326,Project-10121,Contributor
Hana Kumar 3330,Project-10440,Lead
Charlie Taylor 3339,Project-11045,Lead
Charlie Taylor 3339,Project-10168,Lead
Morgan Jackson 3359,Project-11113,Engineer
Olivia Kumar 3367,Project-11146,Lead
Olivia Kumar 3367,Project-10145,Contributor
Lucas Martin 3390,Project-10620,Engineer
Lucas Taylor 3394,Project-11102,Contributor
Noah Garcia 3407,Project-11263,Contributor
Emma Lee 3409,Project-11221,Contributor
Emma Lee 3409,Project-10238,Lead
Amir Nguyen 3410,Project-10554,Engineer
Yuki Anderson 3421,Project-10691,Lead
Yuki Anderson 3421,Project-10313,Lead
Charlie Thomas 3423,Project-11342,Engineer
Liam Thomas 3424,Project-11405,Contributor
Liam Thomas 3424,Project-10328,Lead
Li Wright 3429,Project-11248,Contributor
Li Wright 3429,Project-10588,Lead
Roshni Martinez 3434,Project-11402,Lead
Cameron Clark 3440,Project-10195,Lead
Evan Singh 3445,Project-10260,Contributor
Noah Garcia 3454,Project-10349,Lead
Amir Lee 3455,Project-10999,Contributor
Sam Lee 3468,Project-10341,Lead
Rowan Young 3471,Project-10812,Engineer
Rowan Young 3471,Project-10320,Engineer
Isabella Smith 3475,Project-10591,Contributor
Isabella Smith 3475,Project-11438,Lead
Noah King 3489,Project-10393,Contributor
Noah King 3489,Project-10121,Lead
Taylor Smith 3511,Project-11243,Contributor
Alex Singh 3515,Project-10803,Contributor
Yuki Wang 3516,Project-10193,Engineer
Yuki Wang 3516,Project-10771,Lead
Isabella Lopez 3518,Project-10576,Contributor
Isabella Lopez 3518,Project-10955,Contributor
Reese Allen 3520,Project-10278,Engineer
Amir Moore 3530,Project-10213,Engineer
Drew King 3541,Project-10632,Lead
Drew King 3541,Project-11244,Engineer
Reese Green 3543,Project-11377,Lead
Cameron Anderson 3544,Project-10237,Lead
Alex Wang 3549,Project-10151,Engineer
Alex Wang 3549,Project-11409,Contributor
Alex Lopez 3553,Project-10425,Lead
Anu Wright 3555,Project-10753,Lead
Cameron Martinez 3566,Project-10179,Contributor
Morgan Garcia 3575,Project-10585,Engineer
Lucas Green 3582,Project-11001,Lead
Lucas Green 3582,Project-10516,Contributor
Evan Smith 3583,Project-10736,Engineer
Priya Kumar 3585,Project-10361,Lead
Priya Kumar 3585,Project-10681,Lead
Roshni Lopez 3590,Project-10547,Lead
Olivia Clark 3594,Project-11141,Engineer
Olivia Clark 3594,Project-10241,Contributor
Emma Wright 3606,Project-11205,Lead
Emma Wright 3606,Project-11249,Lead
Mia Singh 3607,Project-10753,Engineer
Wei Patel 3626,Project-11304,Engineer
Avery Garcia 3636,Project-10751,Engineer
Jordan Walker 3642,Project-10814,Engineer
Jordan Walker 3642,Project-10403,Lead
Parker Nguyen 3653,Project-10635,Contributor
Parker Nguyen 3653,Project-10280,Engineer
Olivia Taylor 3660,Project-11485,Contributor
Olivia Taylor 3660,Project-11021,Engineer
Riley Allen 3661,Project-10361,Engineer
Anu Green 3670,Project-10603,Engineer
Noah Martinez 3679,Project-11070,Contributor
Noah Martinez 3679,Project-10896,Contributor
Yuki Lewis 3688,Project-10239,Lead
Zoe Martin 3692,Project-10842,Lead
Sam Johnson 3695,Project-11355,Contributor
Sam Johnson 3695,Project-10757,Engineer
Drew Jackson 3702,Project-10599,Contributor
Drew Jackson 3702,Project-10917,Lead
Mateo Clark 3727,Project-10547,Contributor
Avery Smith 3740,Project-10899,Lead
Avery Smith 3740,Project-10512,Contributor
Wei King 3748,Project-11119,Contributor
Wei King 3748,Project-10701,Lead
Parker Young 3757,Project-10029,Contributor
Parker Young 3757,Project-11100,Contributor
Avery King 3758,Project-10963,Lead
Zoe Nguyen 3763,Project-10221,Contributor
Zoe Nguyen 3763,Project-10624,Lead
Reese Lewis 3764,Project-10829,Lead
Reese Lewis 3764,Project-10844,Contributor
Rowan Patel 3781,Project-10703,Lead
Anu King 3782,Project-11204,Engineer
Harper Jackson 3784,Project-10407,Contributor
Harper Jackson 3784,Project-10295,Engineer
Anu Scott 3823,Project-10304,Lead
Anu Scott 3823,Project-10848,Lead
Drew Moore 3830,Project-10886,Lead
Drew Moore 3830,Project-11444,Contributor
Amir Taylor 3832,Project-10982,Lead
Yuki Nguyen 3838,Project-11445,Engineer
Emma Singh 3850,Project-11435,Engineer
Emma Singh 3850,Project-11413,Lead
Zoe Walker 3860,Project-10791,Lead
Zoe Walker 3860,Project-10191,Lead
Wei Smith 3862,Project-10776,Lead
Wei Smith 3862,Project-10709,Lead
Wei Wang 3864,Project-11024,Contributor
Wei Wang 3864,Project-11314,Engineer
Casey Johnson 3868,Project-10529,Engineer
Casey Johnson 3868,Project-11065,Contributor
Casey Lee 3889,Project-10127,Contributor
Casey Lee 3889,Project-10644,Contributor
Mateo Clark 3892,Project-11443,Engineer
Mateo Clark 3892,Project-10375,Engineer
Sam Martin 3908,Project-10997,Lead
Drew Martin 3912,Project-11078,Engineer
Casey Young 3915,Project-10903,Contributor
Casey Moore 3918,Project-10095,Lead
Casey Moore 3918,Project-11146,Contributor
Mateo Scott 3932,Project-10608,Engineer
Mateo Scott 3932,Project-10472,Engineer
Quinn Wang 3935,Project-11496,Lead
Mateo Wright 3936,Project-11277,Lead
Isabella Nguyen 3938,Project-10547,Engineer
Mason Wright 3944,Project-10423,Engineer
Reese Lewis 3949,Project-11363,Engineer
Jamie Thomas 3951,Project-10397,Engineer
Dylan Johnson 3959,Project-11199,Lead
Olivia Garcia 3960,Project-11237,Contributor
Olivia Garcia 3960,Project-10276,Lead
Parker Patel 3969,Project-10543,Lead
Parker Patel 3969,Project-10748,Engineer
Mateo Brown 3970,Project-10758,Engineer
Jordan Kumar 3972,Project-10052,Lead
Jordan Kumar 3972,Project-10194,Lead
Charlie Wang 3973,Project-10597,Lead
Charlie Wang 3973,Project-10739,Engineer
Dylan Green 3976,Project-11288,Engineer
Dylan Green 3976,Project-11174,Contributor
Sam Moore 3978,Project-11149,Lead
Avery Green 3982,Project-10331,Lead
Avery Green 3982,Project-10726,Lead
Rowan Anderson 3983,Project-10133,Contributor
Mason Scott 3984,Project-10159,Engineer
Noah Lee 3994,Project-10627,Lead
Quinn Lewis 3999,Project-11131,Lead
Avery Wang 4009,Project-11131,Contributor
Avery Wang 4009,Project-10834,Engineer
Sofia Jackson 4019,Project-10644,Lead
Sofia Jackson 4019,Project-11209,Lead
Wei Anderson 4032,Project-11449,Engineer
Wei Anderson 4032,Project-11363,Engineer
Luca Anderson 4037,Project-10049,Contributor
Avery Lewis 4039,Project-10773,Lead
Alex Kumar 4041,Project-11028,Lead
Emma Garcia 4061,Project-11220,Contributor
Mason Allen 4063,Project-11393,Lead
Mason Allen 4063,Project-10168,Lead
Olivia Singh 4072,Project-11424,Contributor
Olivia Singh 4072,Project-10692,Engineer
Jamie Thomas 4076,Project-10026,Engineer
Liam Kumar 4078,Project-10099,Engineer
Harper Allen 4091,Project-11369,Engineer
Harper Allen 4091,Project-10013,Lead
Lucas Nguyen 4103,Project-10800,Contributor
Logan Moore 4109,Project-10817,Engineer
Logan Moore 4109,Project-10538,Contributor
Olivia Smith 4111,Project-10267,Lead
Olivia Smith 4111,Project-11253,Engineer
Mateo Wright 4117,Project-10848,Contributor
Zoe Taylor 4134,Project-10949,Contributor
Rowan Lopez 4139,Project-10151,Engineer
Rowan Lopez 4139,Project-10492,Contributor
Nina Johnson 4143,Project-11169,Lead
Nina Johnson 4143,Project-11248,Contributor
Emma Singh 4144,Project-11199,Lead
Nina Wang 4162,Project-10519,Contributor
Nina Wang 4162,Project-10500,Engineer
Mia Walker 4169,Project-10727,Engineer
Mia Walker 4169,Project-11330,Contributor
Wei Moore 4170,Project-10632,Engineer
Wei Moore 4170,Project-11423,Lead
Liam Martin 4178,Project-11414,Contributor
Liam Martin 4178,Project-11071,Contributor
Hana Green 4191,Project-11114,Lead
Hana Green 4191,Project-10304,Engineer
Dylan Singh 4205,Project-10803,Contributor
Dylan Singh 4205,Project-11300,Engineer
Sam Patel 4207,Project-11088,Contributor
Evan Patel 4214,Project-10625,Lead
Evan Patel 4214,Project-10601,Engineer
Roshni Walker 4215,Project-11401,Engineer
Cameron Young 4218,Project-11479,Engineer
Cameron Young 4218,Project-10183,Engineer
Noah Nguyen 4219,Project-10248,Engineer
Noah Nguyen 4219,Project-10954,Engineer
Anu Johnson 4221,Project-10460,Engineer
Anu Johnson 4221,Project-11457,Lead
Fatima Wright 4225,Project-10101,Contributor
Fatima Wright 4225,Project-10523,Engineer
Hana Taylor 4231,Project-11283,Lead
Hana Taylor 4231,Project-10181,Engineer
Jamie Wang 4233,Project-10104,Lead
Liam Kumar 4235,Project-10719,Engineer
Liam Kumar 4235,Project-11165,Engineer
Li Thomas 4245,Project-10038,Lead
Parker Clark 4250,Project-10986,Lead
Parker Clark 4250,Project-10844,Engineer
Parker Patel 4251,Project-10881,Lead
Parker Patel 4251,Project-10934,Engineer
Drew Johnson 4272,Project-10604,Engineer
Lucas King 4279,Project-10111,Contributor
Lucas King 4279,Project-10001,Contributor
Cameron Martin 4282,Project-10445,Engineer
Cameron Martin 4282,Project-10069,Lead
Evan Brown 4295,Project-10684,Engineer
Evan Brown 4295,Project-10133,Lead
Parker Lopez 4298,Project-10414,Lead
Drew Nguyen 4300,Project-11469,Lead
Amir Wang 4311,Project-10021,Contributor
Rowan Clark 4314,Project-11392,Contributor
Rowan Clark 4314,Project-11299,Lead
Sam Taylor 4323,Project-11461,Lead
Sam Taylor 4323,Project-10466,Contributor
Parker Lewis 4324,Project-10851,Contributor
Parker Lewis 4324,Project-11426,Contributor
Isabella Smith 4327,Project-11288,Lead
Jordan Patel 4353,Project-11049,Contributor
Fatima Young 4358,Project-10256,Lead
Zoe Taylor 4369,Project-10388,Lead
Zoe Taylor 4369,Project-11089,Lead
Dylan Johnson 4376,Project-11029,Contributor
Drew Martin 4377,Project-11052,Engineer
Drew Martin 4377,Project-10980,Lead
Mason Nguyen 4378,Project-10907,Contributor
Parker Johnson 4392,Project-10182,Engineer
Liam Walker 4393,Project-11258,Engineer
Emma Nguyen 4398,Project-10012,Engineer
Wei King 4410,Project-10468,Engineer
Wei King 4410,Project-10687,Contributor
Isabella Johnson 4416,Project-10571,Engineer
Li Smith 4418,Project-10829,Engineer
Jordan Johnson 4435,Project-10812,Lead
Isabella Walker 4436,Project-10744,Engineer
Liam Smith 4449,Project-11182,Engineer
Liam Smith 4449,Project-11340,Lead
Emma King 4459,Project-10349,Lead
Emma King 4459,Project-10031,Contributor
Mason Hall 4461,Project-10572,Contributor
Mason Hall 4461,Project-11121,Engineer
Logan Wang 4462,Project-11427,Contributor
Jamie Smith 4465,Project-10319,Lead
Sofia Scott 4473,Project-11238,Lead
Li Clark 4479,Project-10560,Contributor
Sofia Johnson 4481,Project-10668,Lead
Sofia Johnson 4481,Project-11481,Engineer
Amir Allen 4515,Project-11442,Lead
Amir Allen 4515,Project-11465,Engineer
Sofia Martin 4516,Project-10021,Lead
Yuki Lopez 4522,Project-10431,Engineer
Nina Garcia 4524,Project-10586,Engineer
Sam Johnson 4547,Project-10867,Lead
Sam Johnson 4547,Project-10895,Contributor
Morgan Clark 4550,Project-10542,Engineer
Morgan Clark 4550,Project-10138,Lead
Riley Smith 4554,Project-10046,Engineer
Priya Nguyen 4558,Project-10587,Contributor
Emma Thomas 4560,Project-10624,Engineer
Evan Hall 4568,Project-10237,Engineer
Evan Hall 4568,Project-10496,Engineer
Olivia Scott 4574,Project-11330,Contributor
Olivia Scott 4574,Project-11471,Contributor
Jamie Hall 4582,Project-11263,Contributor
Lucas Martin 4587,Project-10579,Lead
Parker Jackson 4589,Project-10539,Engineer
Parker Jackson 4589,Project-11103,Engineer
Avery Garcia 4595,Project-11255,Lead
Avery Garcia 4595,Project-10783,Contributor
Avery Garcia 4598,Project-11029,Contributor
Avery Garcia 4598,Project-10473,Contributor
Cameron Singh 4611,Project-10148,Lead
Sam Wang 4620,Project-11309,Lead
Sofia Taylor 4624,Project-10260,Lead
Noah Jackson 4625,Project-11196,Engineer
Sofia Kumar 4626,Project-10691,Lead
Sofia Kumar 4626,Project-11438,Lead
Dylan Kumar 4634,Project-10673,Contributor
Roshni Garcia 4651,Project-10277,Contributor
Isabella Kumar 4656,Project-11219,Engineer
Isabella Kumar 4656,Project-11461,Contributor
Cameron Wright 4675,Project-11199,Lead
Cameron Wright 4675,Project-11432,Lead
Lucas Wang 4687,Project-10436,Lead
Harper Lee 4695,Project-10507,Engineer
Harper Scott 4702,Project-10519,Engineer
Harper Scott 4702,Project-10921,Contributor
Li Young 4722,Project-10878,Contributor
Yuki Martinez 4730,Project-11403,Lead
Yuki Martinez 4730,Project-10921,Lead
Cameron Walker 4732,Project-10531,Lead
Cameron Walker 4732,Project-11088,Contributor
Roshni Martin 4752,Project-11436,Engineer
Roshni Martin 4752,Project-10130,Engineer
Hana Martinez 4755,Project-10740,Contributor
Hana Martinez 4755,Project-10083,Engineer
Taylor Taylor 4762,Project-10311,Engineer
Anu Martin 4768,Project-11036,Lead
Anu Martin 4768,Project-10592,Lead
Liam Patel 4773,Project-10300,Engineer
Liam Patel 4773,Project-10787,Lead
Liam Young 4782,Project-10106,Lead
Dylan King 4792,Project-11444,Contributor
Hana Singh 4796,Project-10173,Engineer
Hana Singh 4796,Project-10417,Contributor
Luca Lopez 4802,Project-10388,Engineer
Hana Martinez 4811,Project-11120,Engineer
Mason Kumar 4812,Project-11379,Engineer
Sofia Brown 4813,Project-10113,Contributor
Sofia Brown 4813,Project-11146,Lead
Sam Moore 4817,Project-11289,Contributor
Emma Green 4818,Project-10562,Contributor
Lucas Anderson 4819,Project-10540,Contributor
Luca Jackson 4834,Project-10551,Engineer
Luca Jackson 4834,Project-11477,Engineer
Emma Martin 4836,Project-10563,Contributor
Evan Smith 4841,Project-11301,Lead
Evan Martin 4843,Project-10211,Contributor
Evan Martin 4843,Project-10771,Lead
Priya Martin 4846,Project-10862,Engineer
Drew Green 4850,Project-10334,Contributor
Drew Green 4850,Project-11316,Engineer
Taylor Hall 4856,Project-10571,Lead
Rowan Young 4872,Project-11230,Contributor
Rowan Young 4872,Project-10226,Lead
Reese Lopez 4874,Project-11073,Engineer
Zoe Lewis 4888,Project-10163,Engineer
Anu Garcia 4896,Project-10178,Lead
Olivia King 4905,Project-10601,Engineer
Avery Lee 4908,Project-11257,Engineer
Avery Lee 4908,Project-10960,Lead
Logan Lee 4910,Project-10805,Contributor
Evan Lee 4911,Project-10401,Engineer
Harper King 4915,Project-10812,Lead
Lucas Patel 4929,Project-10500,Engineer
Lucas Patel 4929,Project-10156,Contributor
Rowan Lee 4939,Project-11273,Engineer
Cameron Allen 4942,Project-11446,Lead
Cameron Allen 4942,Project-10524,Engineer
Mateo Allen 4949,Project-10031,Engineer
Mateo Allen 4949,Project-10743,Engineer
Lucas Scott 4953,Project-11031,Contributor
Lucas Scott 4953,Project-11332,Engineer
Rowan Jackson 4956,Project-10298,Engineer
Rowan Jackson 4956,Project-10859,Contributor
Priya Young 4959,Project-10030,Engineer
Drew Clark 4967,Project-10549,Contributor
Mia Martinez 4976,Project-10721,Engineer
Mia Martinez 4976,Project-10111,Contributor
Rowan Lewis 4982,Project-10398,Contributor
Morgan Wright 4992,Project-11308,Engineer
Priya Singh 4996,Project-11107,Lead
Harper Clark 4997,Project-10144,Lead
Harper Clark 4997,Project-10138,Engineer
Nina Anderson 5002,Project-10481,Contributor
Logan Lewis 5006,Project-10175,Lead
Logan Lewis 5006,Project-10845,Engineer
Lucas King 5008,Project-10565,Engineer
Mason King 5012,Project-10557,Lead
Mason King 5012,Project-11020,Engineer
Riley Lopez 5019,Project-10465,Lead
Alex Scott 5020,Project-10043,Lead
Fatima Thomas 5021,Project-11095,Engineer
Wei Martin 5027,Project-10605,Lead
Wei Martin 5027,Project-10328,Engineer
Charlie Wang 5034,Project-11288,Lead
Alex Nguyen 5036,Project-10511,Engineer
Fatima Hall 5038,Project-11467,Contributor
Fatima Hall 5038,Project-10056,Lead
Yuki Allen 5046,Project-10537,Engineer
Yuki Allen 5046,Project-10499,Engineer
Roshni Allen 5051,Project-10378,Engineer
Roshni Allen 5051,Project-10083,Engineer
Fatima Smith 5052,Project-11143,Engineer
Roshni Scott 5054,Project-11458,Lead
Roshni Scott 5054,Project-11241,Contributor
Taylor Singh 5055,Project-10920,Contributor
Taylor Singh 5055,Project-10800,Engineer
Wei Hall 5060,Project-10780,Contributor
Wei Hall 5060,Project-10792,Contributor
Fatima Wright 5068,Project-10570,Contributor
Cameron Anderson 5071,Project-11185,Contributor
Luca Wang 5085,Project-10027,Contributor
Luca Wang 5085,Project-10399,Lead
Casey Allen 5096,Project-10203,Lead
Liam Patel 5097,Project-11294,Contributor
Liam Patel 5097,Project-10586,Contributor
Jamie King 5101,Project-10475,Lead
Dylan Martin 5135,Project-11033,Engineer
Luca Young 5138,Project-11456,Contributor
Luca Young 5138,Project-10100,Contributor
Fatima Moore 5143,Project-10441,Engineer
Fatima Moore 5143,Project-10965,Contributor
Reese Garcia 5157,Project-11172,Engineer
Reese Garcia 5157,Project-10387,Contributor
Wei Lopez 5178,Project-10393,Lead
Wei Lopez 5178,Project-10892,Lead
Avery Scott 5180,Project-10283,Lead
Riley Anderson 5188,Project-11068,Engineer
Riley Anderson 5188,Project-10726,Contributor
Yuki Scott 5196,Project-10929,Lead
Yuki Scott 5196,Project-11135,Engineer
Lucas Wright 5221,Project-11070,Engineer
Lucas Wright 5221,Project-11458,Lead
Mason Clark 5228,Project-11036,Lead
Mason Clark 5228,Project-11215,Lead
Priya Lopez 5231,Project-10538,Engineer
Liam Allen 5238,Project-10928,Contributor
Harper Scott 5239,Project-11226,Lead
Parker Young 5255,Project-10215,Engineer
Mason Martinez 5270,Project-10644,Contributor
Mason Martinez 5270,Project-11220,Contributor
Roshni Taylor 5273,Project-11100,Lead
Avery Thomas 5275,Project-10655,Engineer
Avery Thomas 5275,Project-10447,Engineer
Avery Lewis 5305,Project-11278,Engineer
Avery Lewis 5305,Project-11340,Lead
Fatima Allen 5306,Project-10004,Engineer
Fatima Allen 5306,Project-10108,Contributor
Luca Wang 5308,Project-10787,Lead
Luca Wang 5308,Project-10865,Lead
Roshni Brown 5309,Project-10303,Engineer
Jordan Johnson 5311,Project-11306,Engineer
Jordan Johnson 5311,Project-10587,Lead
Jamie Kumar 5312,Project-11365,Engineer
Jamie Kumar 5312,Project-10916,Engineer
Evan Wang 5322,Project-10642,Engineer
Evan Wang 5322,Project-10258,Contributor
Hana Johnson 5329,Project-10285,Contributor
Hana Johnson 5329,Project-10819,Engineer
Liam Walker 5336,Project-10292,Engineer
Liam Walker 5336,Project-10987,Lead
Luca Singh 5343,Project-10662,Contributor
Olivia Moore 5347,Project-10715,Engineer
Mason Nguyen 5357,Project-10279,Engineer
Mason Nguyen 5357,Project-11414,Contributor
Emma Nguyen 5362,Project-10955,Engineer
Emma Nguyen 5362,Project-11392,Engineer
Wei Lewis 5382,Project-10560,Engineer
Wei Lewis 5382,Project-11101,Engineer
Alex Brown 5386,Project-11095,Lead
Nina Wang 5396,Project-10233,Lead
Nina Wang 5396,Project-10624,Engineer
Dylan Brown 5404,Project-10222,Lead
Mia Taylor 5406,Project-10715,Contributor
Mia Taylor 5406,Project-10239,Lead
Noah Taylor 5416,Project-11312,Lead
Charlie Anderson 5436,Project-10756,Lead
Charlie Anderson 5436,Project-10975,Contributor
Drew Clark 5437,Project-10951,Contributor
Drew Clark 5437,Project-10021,Contributor
Amir Wang 5442,Project-10476,Engineer
Amir Wang 5442,Project-11032,Engineer
Alex Moore 5451,Project-10350,Contributor
Casey Lopez 5467,Project-10704,Lead
Casey Lopez 5467,Project-10837,Contributor
Parker Johnson 5493,Project-10577,Contributor
Parker Johnson 5493,Project-10071,Lead
Mia Lopez 5496,Project-11012,Engineer
Mia Lopez 5496,Project-10386,Contributor
Emma Taylor 5511,Project-10169,Lead
Logan Smith 5515,Project-10050,Contributor
Anu Wang 5521,Project-10588,Engineer
Anu Wang 5521,Project-11086,Engineer
Casey Nguyen 5524,Project-10816,Engineer
Dylan Taylor 5537,Project-11460,Contributor
Dylan Taylor 5537,Project-10494,Lead
Fatima Taylor 5542,Project-11338,Engineer
Fatima Taylor 5542,Project-11023,Contributor
Anu Kumar 5555,Project-11351,Contributor
Isabella Lopez 5564,Project-11418,Lead
Isabella Lopez 5564,Project-10601,Contributor
Reese Moore 5566,Project-11215,Engineer
Rowan Taylor 5570,Project-10828,Lead
Jordan Hall 5592,Project-11132,Contributor
Sofia Smith 5594,Project-10365,Contributor
Sofia Smith 5594,Project-11046,Engineer
Amir Garcia 5595,Project-11146,Contributor
Amir Anderson 5597,Project-10533,Lead
Lucas Young 5609,Project-10537,Lead
Emma Taylor 5620,Project-10593,Contributor
Reese Wang 5623,Project-11168,Lead
Reese Wang 5623,Project-11093,Engineer
Noah Singh 5627,Project-10629,Contributor
Dylan Garcia 5628,Project-11193,Engineer
Amir Lewis 5642,Project-10292,Engineer
Charlie Wang 5647,Project-10374,Contributor
Charlie Wang 5647,Project-10461,Contributor
Harper Smith 5648,Project-10249,Engineer
Lucas Singh 5659,Project-11390,Lead
Lucas Singh 5659,Project-10299,Contributor
Harper Patel 5662,Project-10416,Contributor
Harper Patel 5662,Project-10080,Contributor
Yuki Nguyen 5665,Project-10356,Engineer
Dylan Lee 5686,Project-11221,Contributor
Charlie Jackson 5690,Project-11083,Contributor
Sofia Lewis 5700,Project-10493,Lead
Sofia Lewis 5700,Project-11388,Contributor
Liam Kumar 5706,Project-10309,Engineer
Olivia Walker 5708,Project-11176,Lead
Olivia Walker 5708,Project-10114,Engineer
Jordan Martinez 5714,Project-10802,Contributor
Jordan Martinez 5714,Project-11208,Engineer
Avery Anderson 5719,Project-11333,Contributor
Quinn Martinez 5725,Project-10538,Lead
Jordan Nguyen 5738,Project-10724,Engineer
Zoe Martinez 5739,Project-10656,Lead
Zoe Martinez 5739,Project-11450,Contributor
Casey Martin 5740,Project-10684,Lead
Luca King 5746,Project-10863,Contributor
Jordan Taylor 5750,Project-10551,Engineer
Jordan Taylor 5750,Project-11312,Contributor
Roshni Lewis 5751,Project-10497,Lead
Roshni Lewis 5751,Project-10501,Engineer
Liam Martinez 5759,Project-10650,Engineer
Liam Martinez 5759,Project-10426,Lead
Cameron Wang 5761,Project-10260,Lead
Sofia Lee 5762,Project-10740,Engineer
Sofia Lee 5762,Project-10018,Engineer
Yuki Jackson 5765,Project-11444,Engineer
Jamie Smith 5771,Project-10977,Lead
Jamie Smith 5771,Project-10130,Contributor
Anu Anderson 5772,Project-10483,Engineer
Anu Lopez 5780,Project-10476,Lead
Morgan Singh 5783,Project-10377,Engineer
Roshni Hall 5785,Project-11411,Lead
Sofia Smith 5793,Project-10066,Lead
Cameron Wright 5797,Project-11472,Engineer
Wei Clark 5804,Project-10964,Lead
Olivia Wright 5819,Project-11295,Contributor
Liam Garcia 5830,Project-10130,Lead
Liam Garcia 5830,Project-11351,Engineer
Sam Wang 5832,Project-10465,Contributor
Sam Wang 5832,Project-10789,Lead
Alex Scott 5836,Project-10115,Contributor
Alex Scott 5836,Project-10294,Engineer
Dylan Hall 5843,Project-10308,Engineer
Dylan Hall 5843,Project-11166,Engineer
Yuki Garcia 5849,Project-10987,Contributor
Logan Wang 5850,Project-10473,Contributor
Mateo Garcia 5860,Project-10511,Lead
Li Johnson 5865,Project-10266,Engineer
Hana Clark 5871,Project-10637,Engineer
Hana Clark 5871,Project-11411,Engineer
Riley Anderson 5873,Project-10118,Contributor
Logan Walker 5878,Project-11084,Lead
Roshni Wright 5882,Project-10089,Contributor
Roshni Wright 5882,Project-11049,Engineer
Mateo Walker 5884,Project-10577,Lead
Mateo Johnson 5901,Project-10216,Contributor
Mateo Johnson 5901,Project-10183,Engineer
Hana Nguyen 5904,Project-10767,Engineer
Hana Nguyen 5904,Project-11121,Lead
Parker Nguyen 5922,Project-11187,Lead
Nina Moore 5925,Project-11120,Engineer
Nina Moore 5925,Project-11017,Contributor
Charlie Martinez 5926,Project-11003,Engineer
Yuki Patel 5930,Project-11082,Contributor
Noah Patel 5940,Project-10851,Contributor
Noah Patel 5940,Project-10438,Engineer
Mateo Green 5967,Project-10796,Engineer
Sam Anderson 5968,Project-11319,Contributor
Sam Anderson 5968,Project-11379,Lead
Rowan Clark 5974,Project-10112,Contributor
Rowan Clark 5974,Project-10831,Lead
